설치장소명,시도명,시군구명,소재지도로명주소,소재지지번주소,위도,경도,세부위치,관리기관명,관리기관전화번호,데이터기준일자
플러스약국,경기도,평택시,"경기도 평택시 경기대로 1103, 홈플러스 B1층 (장당동)",,37.04499351,127.0594766,,경기도 평택시청 송탄보건소,031-8024-7233,2024-06-30
송탄우리약국,경기도,평택시,"경기도 평택시 경기대로 1365, 1층 (서정동, 한양빌딩)",,37.06696891,127.0636587,,경기도 평택시청 송탄보건소,031-8024-7233,2024-06-30
평택시 송탄출장소,경기도,평택시,경기도 평택시 경기대로 1366 (서정동),,37.06580872,127.0650898,,경기도 평택시청 송탄보건소,031-8024-7233,2024-06-30
슬기로운약국,경기도,평택시,"경기도 평택시 고덕갈평5길 32, 그랜드메디컬타워 1층 110,111호 (고덕동)",,37.05655788,127.0474048,,경기도 평택시청 송탄보건소,031-8024-7233,2024-06-30
삼성메디컬약국,경기도,평택시,"경기도 평택시 고덕갈평6길 29, 109,110호 (고덕동)",,37.05730609,127.0474404,,경기도 평택시청 송탄보건소,031-8024-7233,2024-06-30
별약국,경기도,평택시,"경기도 평택시 고덕국제5로 145, 106호 (고덕동)",,37.03490865,127.0257677,,경기도 평택시청 송탄보건소,031-8024-7233,2024-06-30
휴베이스효약국,경기도,평택시,"경기도 평택시 고덕국제대로 7, 창신베스트 1층 116호 (고덕동)",,37.03892923,127.048198,,경기도 평택시청 송탄보건소,031-8024-7233,2024-06-30
이메디칼약국,경기도,평택시,"경기도 평택시 고덕로 250, 1층 109호 (고덕동)",,37.03637239,127.0284467,,경기도 평택시청 송탄보건소,031-8024-7233,2024-06-30
고덕면 행정복지센터,경기도,평택시,경기도 평택시 고덕로 283,,37.04233106,127.0177591,,경기도 평택시청 송탄보건소,031-8024-7233,2024-06-30
고덕보건지소,경기도,평택시,경기도 평택시 고덕로 283 (고덕동),,37.04233106,127.0177591,,경기도 평택시청 송탄보건소,031-8024-7233,2024-06-30
서정약국,경기도,평택시,"경기도 평택시 고덕로3길 27, 1층 107호 (고덕동)",,37.03821232,127.026445,,경기도 평택시청 송탄보건소,031-8024-7233,2024-06-30
고덕중앙약국,경기도,평택시,"경기도 평택시 고덕면 궁2길 67, 103호",,37.01804686,127.0343885,,경기도 평택시청 송탄보건소,031-8024-7233,2024-06-30
고덕메디칼약국,경기도,평택시,"경기도 평택시 고덕면 동청1길 35, 102호",,37.05502227,127.0062514,,경기도 평택시청 송탄보건소,031-8024-7233,2024-06-30
문곡보건진료소,경기도,평택시,경기도 평택시 고덕면 문곡길 5,,37.05594461,127.0087917,,경기도 평택시청 송탄보건소,031-8024-7233,2024-06-30
제일큰약국,경기도,평택시,"경기도 평택시 고덕여염9길 13, SM타워 1층 105호 (고덕동)",,37.03970276,127.0491439,,경기도 평택시청 송탄보건소,031-8024-7233,2024-06-30
고덕동 행정복지센터,경기도,평택시,경기도 평택시 고덕여염9길 37 3층 (고덕동),,37.04053295,127.050415,,경기도 평택시청 송탄보건소,031-8024-7233,2024-06-30
고덕드림약국,경기도,평택시,"경기도 평택시 고덕여염9길 38, 105,106호 (고덕동)",,37.04014991,127.0509706,,경기도 평택시청 송탄보건소,031-8024-7233,2024-06-30
기분좋은온누리약국,경기도,평택시,"경기도 평택시 고덕중앙2로 39, 고은메디타워 1층 108,109호 (고덕동)",,37.04519147,127.0402845,,경기도 평택시청 송탄보건소,031-8024-7233,2024-06-30
고덕우리약국,경기도,평택시,"경기도 평택시 고덕중앙로 200-4, 우성고덕타워 118호 (고덕동)",,37.04777329,127.0442092,,경기도 평택시청 송탄보건소,031-8024-7233,2024-06-30
우성탑약국,경기도,평택시,"경기도 평택시 고덕중앙로 218, 1층 113.114호 (고덕동)",,37.04789648,127.0449609,,경기도 평택시청 송탄보건소,031-8024-7233,2024-06-30
시네마약국,경기도,평택시,"경기도 평택시 관광특구로 19, 1층 (서정동)",,37.0672536,127.0609114,,경기도 평택시청 송탄보건소,031-8024-7233,2024-06-30
명성약국,경기도,평택시,"경기도 평택시 관광특구로 19, 3층 307호 (서정동)",,37.0672536,127.0609114,,경기도 평택시청 송탄보건소,031-8024-7233,2024-06-30
GS약국,경기도,평택시,경기도 평택시 관광특구로 31 (서정동),,37.06708636,127.0625553,,경기도 평택시청 송탄보건소,031-8024-7233,2024-06-30
삼성약국,경기도,평택시,경기도 평택시 관광특구로 37 (서정동),,37.06705404,127.063028,,경기도 평택시청 송탄보건소,031-8024-7233,2024-06-30
신장2동 행정복지센터,경기도,평택시,경기도 평택시 밀월로21번길 7 (신장동),,37.07644978,127.0524309,,경기도 평택시청 송탄보건소,031-8024-7233,2024-06-30
송탄동 행정복지센터,경기도,평택시,경기도 평택시 방여울로 117 (가재동),,37.04440315,127.0948501,,경기도 평택시청 송탄보건소,031-8024-7233,2024-06-30
힐링약국,경기도,평택시,"경기도 평택시 삼성로 114, 삼성전자(주) 평택캠퍼스 복지동 1층 (고덕동)",,37.03561671,127.0531626,,경기도 평택시청 송탄보건소,031-8024-7233,2024-06-30
삼동약국,경기도,평택시,"경기도 평택시 삼성로 90, 사무2동 1층 (고덕동)",,37.03364999,127.0551427,,경기도 평택시청 송탄보건소,031-8024-7233,2024-06-30
송탄보건소,경기도,평택시,경기도 평택시 서정로 295 (서정동),,37.06564857,127.0664974,,경기도 평택시청 송탄보건소,031-8024-7233,2024-06-30
평택시송탄치매안심센터,경기도,평택시,경기도 평택시 서정로 295 (서정동),,37.06564857,127.0664974,,경기도 평택시청 송탄보건소,031-8024-7233,2024-06-30
송탄온누리약국,경기도,평택시,경기도 평택시 서정북로 71 (서정동),,37.07082148,127.0574264,,경기도 평택시청 송탄보건소,031-8024-7233,2024-06-30
하나약국,경기도,평택시,"경기도 평택시 서정북로 79, 신광빌딩 (서정동)",,37.07099891,127.0582114,,경기도 평택시청 송탄보건소,031-8024-7233,2024-06-30
중앙동 행정복지센터,경기도,평택시,경기도 평택시 서정역로 16 (이충동),,37.05555456,127.0560522,,경기도 평택시청 송탄보건소,031-8024-7233,2024-06-30
송탄시장약국,경기도,평택시,경기도 평택시 서정역로 22 (서정동),,37.05606636,127.055821,,경기도 평택시청 송탄보건소,031-8024-7233,2024-06-30
상록수 약국,경기도,평택시,경기도 평택시 서정역로 42 (서정동),,37.05792232,127.0557755,,경기도 평택시청 송탄보건소,031-8024-7233,2024-06-30
청북솔약국,경기도,평택시,"경기도 평택시 서정역로 47, 1층 (서정동)",,37.05818592,127.054929,,경기도 평택시청 송탄보건소,031-8024-7233,2024-06-30
서정부부약국,경기도,평택시,"경기도 평택시 서정역로 48, 1층 (서정동)",,37.05828817,127.0553212,,경기도 평택시청 송탄보건소,031-8024-7233,2024-06-30
새희망약국,경기도,평택시,"경기도 평택시 서정역로26번길 3, 대성빌딩 1층 (서정동)",,37.05645461,127.0559173,,경기도 평택시청 송탄보건소,031-8024-7233,2024-06-30
새봄약국,경기도,평택시,경기도 평택시 서정역로26번길 7-10 (이충동),,37.0567194,127.0563526,,경기도 평택시청 송탄보건소,031-8024-7233,2024-06-30
서정굿모닝약국,경기도,평택시,경기도 평택시 서정역로36번길 10 (서정동),,37.05736903,127.056457,,경기도 평택시청 송탄보건소,031-8024-7233,2024-06-30
금각보건진료소,경기도,평택시,경기도 평택시 서탄면 금각1길 6-5,,37.07016113,127.0084158,,경기도 평택시청 송탄보건소,031-8024-7233,2024-06-30
서탄면 행정복지센터,경기도,평택시,경기도 평택시 서탄면 금암2길 122,,37.10823867,127.0353278,,경기도 평택시청 송탄보건소,031-8024-7233,2024-06-30
서탄면보건지소,경기도,평택시,경기도 평택시 서탄면 금암2길 122,,37.10823867,127.0353278,,경기도 평택시청 송탄보건소,031-8024-7233,2024-06-30
서탄약국,경기도,평택시,"경기도 평택시 서탄면 금암3길 1, 105호",,37.10949588,127.0325778,,경기도 평택시청 송탄보건소,031-8024-7233,2024-06-30
세명약국,경기도,평택시,경기도 평택시 서탄면 발안로 1226,,37.13619606,127.0359301,,경기도 평택시청 송탄보건소,031-8024-7233,2024-06-30
온누리영진약국,경기도,평택시,"경기도 평택시 송탄로 220, 1층 (서정동)",,37.06340498,127.05853,,경기도 평택시청 송탄보건소,031-8024-7233,2024-06-30
우미약국,경기도,평택시,"경기도 평택시 송탄로 260, 2층 (서정동)",,37.06678725,127.0589156,,경기도 평택시청 송탄보건소,031-8024-7233,2024-06-30
세림약국,경기도,평택시,경기도 평택시 송탄로 272 (서정동),,37.06796983,127.0591821,,경기도 평택시청 송탄보건소,031-8024-7233,2024-06-30
스마일약국,경기도,평택시,"경기도 평택시 송탄로 33 (장당동, 굿스파인병원)",,37.04826305,127.057008,,경기도 평택시청 송탄보건소,031-8024-7233,2024-06-30
지산동 행정복지센터,경기도,평택시,경기도 평택시 송탄로 379 (지산동),,37.0774099,127.0575811,,경기도 평택시청 송탄보건소,031-8024-7233,2024-06-30
송탄하늘약국,경기도,평택시,"경기도 평택시 송탄로 410, 1층 (지산동)",,37.08013521,127.0580761,,경기도 평택시청 송탄보건소,031-8024-7233,2024-06-30
약수약국,경기도,평택시,경기도 평택시 송탄로 413 (지산동),,37.08065441,127.0576423,,경기도 평택시청 송탄보건소,031-8024-7233,2024-06-30
늘푸른약국,경기도,평택시,경기도 평택시 송탄로371번길 14 (지산동),,37.07684626,127.0569583,,경기도 평택시청 송탄보건소,031-8024-7233,2024-06-30
이수약국,경기도,평택시,경기도 평택시 송탄로40번길 67 (이충동),,37.05139802,127.0580261,,경기도 평택시청 송탄보건소,031-8024-7233,2024-06-30
꽃피는약국,경기도,평택시,"경기도 평택시 송탄로40번길 79-16, 103호 (이충동)",,37.05209521,127.0573092,,경기도 평택시청 송탄보건소,031-8024-7233,2024-06-30
중앙약국,경기도,평택시,경기도 평택시 신장로 27 (신장동),,37.0790737,127.0515098,,경기도 평택시청 송탄보건소,031-8024-7233,2024-06-30
성신약국,경기도,평택시,경기도 평택시 신장로 28 (신장동),,37.07934607,127.0517651,,경기도 평택시청 송탄보건소,031-8024-7233,2024-06-30
신장1동 행정복지센터,경기도,평택시,경기도 평택시 신장로90번길 63 (신장동),,37.08396482,127.0523938,,경기도 평택시청 송탄보건소,031-8024-7233,2024-06-30
4층새빛약국,경기도,평택시,"경기도 평택시 신촌2로 22, B동 405호 (칠원동)",,37.02604483,127.1040588,,경기도 평택시청 송탄보건소,031-8024-7233,2024-06-30
예그리나 약국,경기도,평택시,"경기도 평택시 신촌2로 22, 맘스스퀘어 B동 3층 305호 (칠원동)",,37.02604483,127.1040588,,경기도 평택시청 송탄보건소,031-8024-7233,2024-06-30
늘봄약국,경기도,평택시,경기도 평택시 오좌동길 9 (독곡동),,37.08784541,127.0633461,,경기도 평택시청 송탄보건소,031-8024-7233,2024-06-30
센타약국,경기도,평택시,"경기도 평택시 이충로35번길 20-9, 이충센타프라자 (이충동)",,37.06034977,127.0664722,,경기도 평택시청 송탄보건소,031-8024-7233,2024-06-30
뜨란약국,경기도,평택시,"경기도 평택시 이충로35번길 22, 106호 (이충동, 뜨란프라자)",,37.059811,127.066715,,경기도 평택시청 송탄보건소,031-8024-7233,2024-06-30
호약국,경기도,평택시,"경기도 평택시 이충로35번길 24, 보람플러스2 104호 (이충동)",,37.05962903,127.0664923,,경기도 평택시청 송탄보건소,031-8024-7233,2024-06-30
푸른약국,경기도,평택시,"경기도 평택시 점촌로19번길 59 (서정동, 고려빌딩)",,37.06601852,127.0562938,,경기도 평택시청 송탄보건소,031-8024-7233,2024-06-30
인화당약국,경기도,평택시,경기도 평택시 정암로 17 (서정동),,37.05711022,127.0556394,,경기도 평택시청 송탄보건소,031-8024-7233,2024-06-30
경기약국,경기도,평택시,경기도 평택시 중앙시장로19번길 17 (신장동),,37.08088034,127.0520609,,경기도 평택시청 송탄보건소,031-8024-7233,2024-06-30
온누리수정약국,경기도,평택시,경기도 평택시 중앙시장로20번길 20 (신장동),,37.07928386,127.053003,,경기도 평택시청 송탄보건소,031-8024-7233,2024-06-30
송북동 행정복지센터,경기도,평택시,경기도 평택시 지산2로 113 (지산동),,37.08164811,127.0602281,,경기도 평택시청 송탄보건소,031-8024-7233,2024-06-30
새시장약국,경기도,평택시,경기도 평택시 지산로 60 (지산동),,37.07960487,127.0616591,,경기도 평택시청 송탄보건소,031-8024-7233,2024-06-30
유미약국,경기도,평택시,경기도 평택시 지산로 62 (지산동),,37.07966044,127.0618496,,경기도 평택시청 송탄보건소,031-8024-7233,2024-06-30
송탄드림약국,경기도,평택시,"경기도 평택시 지산로 64, 1층 (지산동)",,37.07968015,127.0620631,,경기도 평택시청 송탄보건소,031-8024-7233,2024-06-30
다나약국,경기도,평택시,"경기도 평택시 지산로 70, 1층 101호 (지산동, 부천프라자)",,37.07979085,127.0623879,,경기도 평택시청 송탄보건소,031-8024-7233,2024-06-30
유일약국,경기도,평택시,"경기도 평택시 지산로 85 (독곡동, 우남빌딩)",,37.08062569,127.0642671,,경기도 평택시청 송탄보건소,031-8024-7233,2024-06-30
동천보건진료소,경기도,평택시,경기도 평택시 진위면 동천2길 14,,37.13435506,127.1082103,,경기도 평택시청 송탄보건소,031-8024-7233,2024-06-30
진위면 행정복지센터,경기도,평택시,경기도 평택시 진위면 봉남길 61,,37.10014304,127.0908359,,경기도 평택시청 송탄보건소,031-8024-7233,2024-06-30
진위면보건지소,경기도,평택시,경기도 평택시 진위면 봉남리 230-3,,37.09977978,127.090469,,경기도 평택시청 송탄보건소,031-8024-7233,2024-06-30
은산보건진료소,경기도,평택시,경기도 평택시 진위면 은산3길 26,,37.08535963,127.1225172,,경기도 평택시청 송탄보건소,031-8024-7233,2024-06-30
평택백화점약국,경기도,평택시,경기도 평택시 진위면 진위서로 142,,37.10600551,127.0786489,,경기도 평택시청 송탄보건소,031-8024-7233,2024-06-30
삼보약국,경기도,평택시,"경기도 평택시 진위면 진위서로 2, 1층 102호",,37.10925145,127.0639155,,경기도 평택시청 송탄보건소,031-8024-7233,2024-06-30
장당온누리약국,경기도,평택시,"경기도 평택시 청원로 1200, 1층 105호 (이충동, 금강프라자 )",,37.05203294,127.0562756,,경기도 평택시청 송탄보건소,031-8024-7233,2024-06-30
사랑약국,경기도,평택시,"경기도 평택시 추담로 58-78, 상가2동 104호 (장안동, 평택장안마을코오롱하늘채)",,37.05899112,127.0771143,,경기도 평택시청 송탄보건소,031-8024-7233,2024-06-30
약손약국,경기도,평택시,경기도 평택시 탄현1로 160(신장동),,37.07418164,127.0538986,,경기도 평택시청 송탄보건소,031-8024-7233,2024-06-30
서정동 행정복지센터,경기도,평택시,경기도 평택시 탄현로 170 (서정동),,37.06777194,127.0546865,,경기도 평택시청 송탄보건소,031-8024-7233,2024-06-30
보건약국,경기도,평택시,"경기도 평택시 탄현로 287 (신장동, (신장동 227))",,37.07814657,127.0550303,,경기도 평택시청 송탄보건소,031-8024-7233,2024-06-30
지산약국,경기도,평택시,경기도 평택시 탄현로 300 (지산동),,37.07938054,127.0549588,,경기도 평택시청 송탄보건소,031-8024-7233,2024-06-30
송탄효자약국,경기도,평택시,경기도 평택시 탄현로 317 (신장동),,37.08074378,127.0552793,,경기도 평택시청 송탄보건소,031-8024-7233,2024-06-30
국민약국,경기도,평택시,경기도 평택시 탄현로 320 (지산동),,37.0808206,127.0558744,,경기도 평택시청 송탄보건소,031-8024-7233,2024-06-30
메디팜신광약국,경기도,평택시,경기도 평택시 탄현로 321-1 (신장동),,37.08116102,127.0556228,,경기도 평택시청 송탄보건소,031-8024-7233,2024-06-30
녹십자약국,경기도,평택시,경기도 평택시 탄현로 322 (지산동),,37.08095718,127.0560527,,경기도 평택시청 송탄보건소,031-8024-7233,2024-06-30
아나파약국,경기도,평택시,경기도 평택시 탄현로 328 (지산동),,37.08149968,127.0562822,,경기도 평택시청 송탄보건소,031-8024-7233,2024-06-30
신성약국,경기도,평택시,경기도 평택시 탄현로 329 (신장동),,37.08169576,127.0560098,,경기도 평택시청 송탄보건소,031-8024-7233,2024-06-30
송탄종합약국,경기도,평택시,경기도 평택시 탄현로 330 (지산동),,37.08156338,127.0563601,,경기도 평택시청 송탄보건소,031-8024-7233,2024-06-30
일등약국,경기도,평택시,경기도 평택시 탄현로 333 (신장동),,37.08193119,127.0561531,,경기도 평택시청 송탄보건소,031-8024-7233,2024-06-30
세민약국,경기도,평택시,"경기도 평택시 탄현로 335, 1층 (신장동)",,37.0821577,127.0563077,,경기도 평택시청 송탄보건소,031-8024-7233,2024-06-30
소라약국,경기도,평택시,경기도 평택시 탄현로 340 (지산동),,37.082281,127.0570823,,경기도 평택시청 송탄보건소,031-8024-7233,2024-06-30
서정리오렌지약국,경기도,평택시,"경기도 평택시 탄현로 48, 1층 2호 (서정동)",,37.05678965,127.0538557,,경기도 평택시청 송탄보건소,031-8024-7233,2024-06-30
서정온누리약국,경기도,평택시,"경기도 평택시 탄현로 58, 103호 (서정동)",,37.0576195,127.0539578,,경기도 평택시청 송탄보건소,031-8024-7233,2024-06-30
이화약국,경기도,평택시,경기도 평택시 탄현로326번길 3 (지산동),,37.08123668,127.0560717,,경기도 평택시청 송탄보건소,031-8024-7233,2024-06-30
구생당약국,경기도,평택시,경기도 평택시 탄현로327번길 4-1 (신장동),,37.08162153,127.0557408,,경기도 평택시청 송탄보건소,031-8024-7233,2024-06-30
수약국,경기도,평택시,경기도 평택시 탄현로327번길 6 (신장동),,37.08159406,127.0556849,,경기도 평택시청 송탄보건소,031-8024-7233,2024-06-30
아침약국,경기도,평택시,경기도 평택시 탄현로336번길 10 (지산동),,37.08169336,127.0568421,,경기도 평택시청 송탄보건소,031-8024-7233,2024-06-30
함박약국,경기도,평택시,"경기도 평택시 함박산8길 31, 106호 (고덕동)",,37.03858731,127.0315322,,경기도 평택시청 송탄보건소,031-8024-7233,2024-06-30
공단약국,경기도,평택시,"경기도 평택시 포승읍 평택항로180, 1층 103~104호",경기도 평택시 포승읍만호리 578-4 한샘빌딩,36.97496959,126.8432364,약국 내부,경기도 평택시청 평택보건소,031-8024-8622,2024-06-30
공룡약국,경기도,평택시,"경기도 평택시 안중읍 안현로서8길 57, 211호 (붐붐프라자)",경기도 평택시 안중읍 현화리 831 붐붐프라자,36.97896601,126.9193502,약국 내부,경기도 평택시청 평택보건소,031-8024-8622,2024-06-30
광혜당약국,경기도,평택시,"경기도 평택시 안중읍 안현로 429, 서경빌딩 1층",경기도 평택시 안중읍 안중리 297번지 11호 서경빌딩,36.98818741,126.9316327,약국 내부,경기도 평택시청 평택보건소,031-8024-8622,2024-06-30
농민약국,경기도,평택시,경기도 평택시 안중읍 안현로 421,경기도 평택시 안중읍 안중리 294번지 4호,36.98752704,126.9313499,약국 내부,경기도 평택시청 평택보건소,031-8024-8622,2024-06-30
대성약국,경기도,평택시,경기도 평택시 안중읍 안중로 124-1,경기도 평택시 안중읍 안중리 292번지 11호,36.98860787,126.9302901,약국 내부,경기도 평택시청 평택보건소,031-8024-8622,2024-06-30
대웅약국,경기도,평택시,경기도 평택시 청북읍 서해로 1985,경기도 평택시 청북읍 고렴리 659-3번지,37.06287725,126.9182638,약국 내부,경기도 평택시청 평택보건소,031-8024-8622,2024-06-30
메디컬참약국,경기도,평택시,"경기도 평택시 안중읍 안현로 300, 안중 매디컬타워 104호",경기도 평택시 안중읍 송담리 855-1 안중 매디컬타워,36.97777709,126.925376,약국 내부,경기도 평택시청 평택보건소,031-8024-8622,2024-06-30
민들레약국,경기도,평택시,경기도 평택시 포승읍 여술2길 22,경기도 평택시 포승읍 도곡리 1144번지 6호,36.98748225,126.8456195,약국 내부,경기도 평택시청 평택보건소,031-8024-8622,2024-06-30
백제당약국,경기도,평택시,"경기도 평택시 안중읍 안현로서6길 10, 101호 (대원빌딩)",경기도 평택시 안중읍 현화리 31번지,36.98379416,126.9280996,약국 내부,경기도 평택시청 평택보건소,031-8024-8622,2024-06-30
백화점약국,경기도,평택시,경기도 평택시 안중읍 안현로서2길 14,경기도 평택시 안중읍 안중리 291번지 2호,36.98835569,126.9303048,약국 내부,경기도 평택시청 평택보건소,031-8024-8622,2024-06-30
봄약국,경기도,평택시,"경기도 평택시 안중읍 안현로서8길 57, 305호(붐붐프라자)",경기도 평택시 안중읍 현화리 831 붐붐프라자,36.97896601,126.9193502,약국 내부,경기도 평택시청 평택보건소,031-8024-8622,2024-06-30
산들약국,경기도,평택시,"경기도 평택시 안중읍 안중로 141, 102호",경기도 평택시 안중읍 안중리 233-16,36.98912819,126.9320352,약국 내부,경기도 평택시청 평택보건소,031-8024-8622,2024-06-30
서울약국,경기도,평택시,경기도 평택시 안중읍 안중로 133,경기도 평택시 안중읍 안중리 233-7,36.98902323,126.9313851,약국 내부,경기도 평택시청 평택보건소,031-8024-8622,2024-06-30
서평택약국,경기도,평택시,경기도 평택시 포승읍 포승향남로 148,경기도 평택시 포승읍 도곡리 745번지 14호,36.98767335,126.8664091,약국 내부,경기도 평택시청 평택보건소,031-8024-8622,2024-06-30
수약국,경기도,평택시,"경기도 평택시 안중읍 안현로서8길 23, 1층 (동흥빌딩)",경기도 평택시 안중읍 현화리 836번지 3호,36.97907829,126.9227856,약국 내부,경기도 평택시청 평택보건소,031-8024-8622,2024-06-30
스타약국,경기도,평택시,"경기도 평택시 포승읍 여술로 20, 평택스타타워 107,108호",경기도 평택시 포승읍 도곡리 1122번지 1호,36.98776227,126.8447616,약국 내부,경기도 평택시청 평택보건소,031-8024-8622,2024-06-30
아이사랑약국,경기도,평택시,경기도 평택시 안중읍 안중로131번길 14-15,경기도 평택시 안중읍 안중리 277번지 98호,36.99007905,126.9295505,약국 내부,경기도 평택시청 평택보건소,031-8024-8622,2024-06-30
안중늘푸른약국,경기도,평택시,경기도 평택시 안중읍 안현로서6길 44,경기도 평택시 안중읍 현화리 71-4,36.98480009,126.9247382,약국 내부,경기도 평택시청 평택보건소,031-8024-8622,2024-06-30
안중온누리약국,경기도,평택시,경기도 평택시 안중읍 안중로 139,경기도 평택시 안중읍 안중리 233-14,36.98909934,126.9318334,약국 내부,경기도 평택시청 평택보건소,031-8024-8622,2024-06-30
안중조약국,경기도,평택시,경기도 평택시 안중읍 안중로 130-2,경기도 평택시 안중읍 안중리 292-17,36.98864927,126.9308848,약국 내부,경기도 평택시청 평택보건소,031-8024-8622,2024-06-30
에덴약국,경기도,평택시,경기도 평택시 안중읍 안현로서2길 20,경기도 평택시 안중읍 안중리 290번지 4호,36.98826904,126.9296882,약국 내부,경기도 평택시청 평택보건소,031-8024-8622,2024-06-30
오성당약국,경기도,평택시,경기도 평택시 오성면 숙성시장길 34-1,경기도 평택시 오성면 숙성리 137번지 9호,37.0075325,126.9817002,약국 내부,경기도 평택시청 평택보건소,031-8024-8622,2024-06-30
옹달샘약국,경기도,평택시,경기도 평택시 청북읍 청북남로 260,경기도 평택시 청북읍 옥길리 1157번지 2호,37.01950716,126.9153608,약국 내부,경기도 평택시청 평택보건소,031-8024-8622,2024-06-30
우리동네효자약국,경기도,평택시,"경기도 평택시 청북읍 청북남로 254, 112호",경기도 평택시 청북읍 옥길리 1157-5,37.01966566,126.9159429,약국 내부,경기도 평택시청 평택보건소,031-8024-8622,2024-06-30
조은약국,경기도,평택시,"경기도 평택시 안중읍 안중로131번길 4, 도도와빌딩 1층",경기도 평택시 안중읍 안중리 233번지 15호,36.98907547,126.9311822,약국 내부,경기도 평택시청 평택보건소,031-8024-8622,2024-06-30
중앙메디칼약국,경기도,평택시,경기도 평택시 포승읍 서동대로 786,경기도 평택시 포승읍 만호리 313번지 9호,36.96075515,126.8558818,약국 내부,경기도 평택시청 평택보건소,031-8024-8622,2024-06-30
중앙약국,경기도,평택시,경기도 평택시 안중읍 안현로서6길 18,경기도 평택시 안중읍 현화리 27,36.98418432,126.9273977,약국 내부,경기도 평택시청 평택보건소,031-8024-8622,2024-06-30
참조은약국,경기도,평택시,경기도 평택시 안중읍 안현로서6길 50,경기도 평택시 안중읍 현화리  250-4,36.98488226,126.9238609,약국 내부,경기도 평택시청 평택보건소,031-8024-8622,2024-06-30
청북약국,경기도,평택시,경기도 평택시 청북읍 신포길 47,,37.04013344,126.9332443,약국 내부,경기도 평택시청 평택보건소,031-8024-8622,2024-06-30
청북온누리약국,경기도,평택시,"경기도 평택시 청북읍 안청로 332, 한남프라자 102호",경기도 평택시 청북읍 옥길리 1162번지 1호 한남프라자 102호,37.0175481,126.9159505,약국 내부,경기도 평택시청 평택보건소,031-8024-8622,2024-06-30
충무약국,경기도,평택시,경기도 평택시 포승읍 2함대길 20 (해군아파트 상가내),경기도 평택시 포승읍 원정리 1275번지,36.99469344,126.8347709,약국 내부,경기도 평택시청 평택보건소,031-8024-8622,2024-06-30
튼튼약국,경기도,평택시,"경기도 평택시 안중읍 안중로 143, 101호 (녹원빌딩)",경기도 평택시 안중읍 안중리 233번지 19호 녹원빌딩 101호,36.98926496,126.932213,약국 내부,경기도 평택시청 평택보건소,031-8024-8622,2024-06-30
포승종로약국,경기도,평택시,경기도 평택시 포승읍 여술로 37,경기도 평택시 포승읍 도곡리 1142번지 18호,36.9889231,126.8464515,약국 내부,경기도 평택시청 평택보건소,031-8024-8622,2024-06-30
포승중앙약국,경기도,평택시,"경기도 평택시 포승읍 여술로 22, 101호",경기도 평택시 포승읍 도곡리 1144번지 1호,36.98801034,126.8452521,약국 내부,경기도 평택시청 평택보건소,031-8024-8622,2024-06-30
하나약국,경기도,평택시,경기도 평택시 포승읍 서동대로 1124,경기도 평택시 포승읍 내기리 1-7 우일빌딩1층,36.9806645,126.8799128,약국 내부,경기도 평택시청 평택보건소,031-8024-8622,2024-06-30
하늘온누리약국,경기도,평택시,"경기도 평택시 안중읍 안현로 417, 세정빌딩 (102호)",경기도 평택시 안중읍 안중리 298 만성빌딩,36.98729207,126.9312745,약국 내부,경기도 평택시청 평택보건소,031-8024-8622,2024-06-30
한솔약국,경기도,평택시,"경기도 평택시 안중읍 안현로서6길 74, 1층",경기도 평택시 안중읍 현화리 334번지 1호,36.98480346,126.9211324,약국 내부,경기도 평택시청 평택보건소,031-8024-8622,2024-06-30
항만약국,경기도,평택시,경기도 평택시 포승읍 평택항로 1-6,경기도 평택시 포승읍 만호리 311번지 26호,36.96186214,126.8538665,약국 내부,경기도 평택시청 평택보건소,031-8024-8622,2024-06-30
햇빛약국,경기도,평택시,"경기도 평택시 포승읍 여술로 21, 1층 (선구빌딩)",경기도 평택시 포승읍 도곡리 1143번지 12호 1층,36.9882968,126.8450568,약국 내부,경기도 평택시청 평택보건소,031-8024-8622,2024-06-30
현화메디컬약국,경기도,평택시,경기도 평택시 안중읍 안현로서8길 17,경기도 평택시 안중읍 현화리 837-1,36.97875912,126.9233629,약국 내부,경기도 평택시청 평택보건소,031-8024-8622,2024-06-30
평화약국,경기도,평택시,"경기도 평택시 청북읍 청북산단로 48-8, 4호",경기도 평택시 청북읍 어연리 889-3,37.05044416,126.9754392,약국 내부,경기도 평택시청 평택보건소,031-8024-8622,2024-06-30
현덕약국,경기도,평택시,"경기도 평택시 현덕면 현덕로 1271,1층 101호",경기도 평택시 현덕면 인광리 405-25,36.9654135,126.9193956,약국 내부,경기도 평택시청 평택보건소,031-8024-8622,2024-06-30
안중보건지소,경기도,평택시,경기도 평택시 안중읍 안현로서 9길 24,경기도 평택시 안중읍 현화리 834-10,36.97810994,126.9223275,약국 내부,경기도 평택시청 평택보건소,031-8024-8622,2024-06-30
오성보건지소,경기도,평택시,경기도 평택시 오성면 숙성시장길 23 오성면사무소,경기도 평택시 오성면 숙성리 129-1 사무소,37.00769883,126.9800799,보건지소 내부,경기도 평택시청 평택보건소,031-8024-8622,2024-06-30
현덕보건지소,경기도,평택시,경기도 평택시 현덕면 인광길 84 현덕면사무소,경기도 평택시 현덕면 인광리 402-12,36.96735192,126.9214907,보건지소 내부,경기도 평택시청 평택보건소,031-8024-8622,2024-06-30
덕목보건진료소,경기도,평택시,경기도 평택시 현덕면 현덕로 387,경기도 평택시 현덕면 덕목리 503-13,36.95205829,126.9525717,보건지소 내부,경기도 평택시청 평택보건소,031-8024-8622,2024-06-30
포승원정진료소,경기도,평택시,경기도 평택시 포승읍 포승원정길 23,경기도 평택시 포승읍 원정리 391-22,36.9946554,126.8410176,보건지소 내부,경기도 평택시청 평택보건소,031-8024-8622,2024-06-30
어연진료소,경기도,평택시,경기도 평택시 청북읍 청원로 427 어연리보건소,경기도 평택시 청북읍 어연리 898,37.05101936,126.977354,보건지소 내부,경기도 평택시청 평택보건소,031-8024-8622,2024-06-30
신영진료소,경기도,평택시,경기도 평택시 포승읍 중간촌길 18-4 포승읍 신영리 보건진료소,경기도 평택시 포승읍 신영리 235-1 포승읍 신영리 보건진료소,36.95359323,126.8826219,보건지소 내부,경기도 평택시청 평택보건소,031-8024-8622,2024-06-30
장수진료소,경기도,평택시,경기도 평택시 현덕면 장수안길 35 장수 보건진료소,경기도 평택시 현덕면 장수리 147-2 장수 보건진료소,36.93970984,126.9013137,보건지소 내부,경기도 평택시청 평택보건소,031-8024-8622,2024-06-30
안중출장소,경기도,평택시,경기도 평택시 안중읍 서동대로 1531,경기도 평택시 안중읍 학현리 572,36.99013818,126.9201473,출장소 내부,경기도 평택시청 평택보건소,031-8024-8622,2024-06-30
안중읍사무소,경기도,평택시,경기도 평택시 안중읍 안현로 400,경기도 평택시 안중읍 안중리 299-10,36.98559542,126.9319947,읍사무소 내부,경기도 평택시청 평택보건소,031-8024-8622,2024-06-30
청북읍사무소,경기도,평택시,경기도 평택시 청북읍 청원로 2,경기도 평택시 청북읍 현곡리 293-4,37.04007336,126.9345828,읍사무소 내부,경기도 평택시청 평택보건소,031-8024-8622,2024-06-30
포승읍사무소,경기도,평택시,경기도 평택시 포승읍 서동대로 1174-16 포승읍사무소,경기도 평택시 포승읍 방림리 52-13 사무소,36.98281482,126.8853066,읍사무소 내부,경기도 평택시청 평택보건소,031-8024-8622,2024-06-30
오성면사무소,경기도,평택시,경기도 평택시 오성면 숙성길 220,경기도 평택시 오성면 숙성리 134-10,37.00712334,126.9802224,면사무소 내부,경기도 평택시청 평택보건소,031-8024-8622,2024-06-30
현덕면사무소,경기도,평택시,경기도 평택시 현덕면 인광길 84 현덕면 행정복지센터,경기도 평택시 현덕면 인광리 402-12 행정복지센터,36.96735192,126.9214907,면사무소 내부,경기도 평택시청 평택보건소,031-8024-8622,2024-06-30
지제약국,경기도,평택시,"경기도 평택시 영신2길 19, 103호 (세교동)",,37.01598155,127.0111644,약국 내부,경기도 평택시청 평택보건소,031-8024-4342,2024-06-30
평택예스약국,경기도,평택시,경기도 평택시 지제동삭1로 208 (동삭동),,37.01847278,127.0871447,약국 내부,경기도 평택시청 평택보건소,031-8024-4342,2024-06-30
세교 봄약국,경기도,평택시,"경기도 평택시 세교7길 52, SJ빌딩 1층 102호 (세교동)",경기도 평택시 세교동 617-4,37.00645173,127.0895018,약국 내부,경기도 평택시청 평택보건소,031-8024-4342,2024-06-30
나음약국,경기도,평택시,"경기도 평택시 중앙로 270, 1층 101호 (합정동)",경기도 평택시 합정동 964-11,36.98989293,127.1126829,약국 내부,경기도 평택시청 평택보건소,031-8024-4342,2024-06-30
온정약국,경기도,평택시,"경기도 평택시 평택5로 191, 온정약국 1층 (비전동)",경기도 평택시 비전동 819,36.99650459,127.1027198,약국 내부,경기도 평택시청 평택보건소,031-8024-4342,2024-06-30
봄빛약국,경기도,평택시,"경기도 평택시 소사5길 24, 202호 (소사동)",,36.99071988,127.1270077,약국 내부,경기도 평택시청 평택보건소,031-8024-4342,2024-06-30
모산골약국,경기도,평택시,"경기도 평택시 지제동삭2로 181-24, 1층 107호 (동삭동)",경기도 평택시 동삭동 386-23,37.01772415,127.0941211,약국 내부,경기도 평택시청 평택보건소,031-8024-4342,2024-06-30
훈약국,경기도,평택시,경기도 평택시 평택로 95(통복동),경기도 평택시 통복동 112-25,36.99497009,127.083482,약국 내부,경기도 평택시청 평택보건소,031-8024-4342,2024-06-30
별빛약국,경기도,평택시,"경기도 평택시 지제동삭1로 41, 130동 2층 33호 (지제동, 지제역 더샵 센트럴시티)",경기도 평택시 지제동 33 지제역 더샵 센트럴시티,37.02217507,127.0753114,약국 내부,경기도 평택시청 평택보건소,031-8024-4342,2024-06-30
세교약국,경기도,평택시,"경기도 평택시 세교7길 30, 101호 (세교동)",경기도 평택시 세교동 618-6,37.00433328,127.0882237,약국 내부,경기도 평택시청 평택보건소,031-8024-4342,2024-06-30
그린약국,경기도,평택시,"경기도 평택시 평택로32번길 24, 1층 3호 (평택동, 라페온빌1차)",경기도 평택시 평택동 293-4 라페온빌1차,36.99104957,127.0892695,약국 내부,경기도 평택시청 평택보건소,031-8024-4342,2024-06-30
늘푸른온누리약국,경기도,평택시,"경기도 평택시 지제동삭2로 181-26, Adriamedi Tower 1층 2호 (동삭동)",경기도 평택시 동삭동 386-26 Adriamedi Tower,37.01772415,127.0941211,약국 내부,경기도 평택시청 평택보건소,031-8024-4342,2024-06-30
아이본약국,경기도,평택시,"경기도 평택시 평택5로34번길 6-1, 1층 103호 (합정동)",경기도 평택시 합정동 965-3,36.98908403,127.1117599,약국 내부,경기도 평택시청 평택보건소,031-8024-4342,2024-06-30
은혜약국,경기도,평택시,"경기도 평택시 중앙로 176, 118호 (합정동, 평택합정 SK VIEW 주상복합)",경기도 평택시 합정동 766-2 평택합정 SK VIEW 주상복합,36.99150637,127.1019359,약국 내부,경기도 평택시청 평택보건소,031-8024-4342,2024-06-30
미루나무 약국,경기도,평택시,경기도 평택시 통복로37번길 5 (통복동),경기도 평택시 통복동 110-1,36.99532539,127.0828149,약국 내부,경기도 평택시청 평택보건소,031-8024-4342,2024-06-30
조아약국,경기도,평택시,경기도 평택시 평택4로 46 (합정동),경기도 평택시 합정동 763-17,36.99183238,127.1009547,약국 내부,경기도 평택시청 평택보건소,031-8024-4342,2024-06-30
편한약국,경기도,평택시,경기도 평택시 동삭로 370-4 (동삭동),,37.0183684,127.095889,약국 내부,경기도 평택시청 평택보건소,031-8024-4342,2024-06-30
도담약국,경기도,평택시,경기도 평택시 동삭1로22번길 19-15 (동삭동),,37.02056006,127.0937728,약국 내부,경기도 평택시청 평택보건소,031-8024-4342,2024-06-30
나무약국,경기도,평택시,경기도 평택시 평택5로20번길 38 (합정동),,36.98995596,127.1138842,약국 내부,경기도 평택시청 평택보건소,031-8024-4342,2024-06-30
봄봄약국,경기도,평택시,"경기도 평택시 비전5로 20-18, 가로수빌딩 105호 (비전동)",경기도 평택시 비전동 1103 가로수빌딩,36.99887493,127.1135787,약국 내부,경기도 평택시청 평택보건소,031-8024-4342,2024-06-30
코끼리약국,경기도,평택시,"경기도 평택시 동삭1로22번길 19-17, 메인프라자 101호 (동삭동)",,37.02056006,127.0937728,약국 내부,경기도 평택시청 평택보건소,031-8024-4342,2024-06-30
동서약국,경기도,평택시,"경기도 평택시 통복로 45-1, 1층 (통복동)",경기도 평택시 통복동 100-1,36.99621978,127.0831075,약국 내부,경기도 평택시청 평택보건소,031-8024-4342,2024-06-30
김약국,경기도,평택시,"경기도 평택시 평택로 51, 평택민자역사 맞이방 3층 (평택동)",경기도 평택시 평택동 185-579 평택민자역사,36.99189577,127.0832942,약국 내부,경기도 평택시청 평택보건소,031-8024-4342,2024-06-30
건약국,경기도,평택시,"경기도 평택시 평택4로 41, 1층 (합정동)",경기도 평택시 합정동 762번지 6호,36.99176497,127.1003825,약국 내부,경기도 평택시청 평택보건소,031-8024-4342,2024-06-30
평택튼튼약국,경기도,평택시,"경기도 평택시 세교8길 30, 세교디오네프라자 125호 (세교동)",,37.0090473,127.0907181,약국 내부,경기도 평택시청 평택보건소,031-8024-4342,2024-06-30
바른약국,경기도,평택시,"경기도 평택시 평택2로20번길 14, 1층 (평택동)",경기도 평택시 평택동 290번지 7호,36.99248026,127.0889941,약국 내부,경기도 평택시청 평택보건소,031-8024-4342,2024-06-30
동삭센트럴약국,경기도,평택시,"경기도 평택시 동삭1로22번길 19-21, 동삭프라자 102호 (동삭동)",,37.02056006,127.0937728,약국 내부,경기도 평택시청 평택보건소,031-8024-4342,2024-06-30
에브리데이항상약국,경기도,평택시,"경기도 평택시 평남로 951, 디에이치빌딩 1동 1층 103호 (비전동)",경기도 평택시 비전동 995번지 디에이치빌딩,37.00527796,127.1034258,약국 내부,경기도 평택시청 평택보건소,031-8024-4342,2024-06-30
맑은약국,경기도,평택시,"경기도 평택시 비전5로 20-26, 로데오1103더테라스 129호 (비전동)",경기도 평택시 비전동 1103번지 3호,36.99884659,127.1146126,약국 내부,경기도 평택시청 평택보건소,031-8024-4342,2024-06-30
다온수약국,경기도,평택시,"경기도 평택시 용죽3로 18, 다온빌딩 102호 (용이동)",경기도 평택시 용이동 685번지 3호,36.99353047,127.12565,약국 내부,경기도 평택시청 평택보건소,031-8024-4342,2024-06-30
새서울약국,경기도,평택시,경기도 평택시 평택2로20번길 15 (평택동),경기도 평택시 평택동 289번지 2호,36.9926277,127.0894192,약국 내부,경기도 평택시청 평택보건소,031-8024-4342,2024-06-30
모닝약국,경기도,평택시,"경기도 평택시 소사2길 4, 1층 (소사동)",경기도 평택시 소사동 515번지,36.98991327,127.1214899,약국 내부,경기도 평택시청 평택보건소,031-8024-4342,2024-06-30
사랑의약국,경기도,평택시,"경기도 평택시 용죽2로 32-44, 리더스타워 102호 (용이동)",경기도 평택시 용이동 687번지 4호,36.99243911,127.1255164,약국 내부,경기도 평택시청 평택보건소,031-8024-4342,2024-06-30
솔약국,경기도,평택시,"경기도 평택시 비전3로 25, 골든프라자 102호 (비전동)",경기도 평택시 비전동 1027번지 3호 골든프라자,37.00243169,127.1047962,약국 내부,경기도 평택시청 평택보건소,031-8024-4342,2024-06-30
큰솔약국,경기도,평택시,"경기도 평택시 용죽3로 24, 105호 (용이동)",경기도 평택시 용이동 684번지 1호,36.99410549,127.1254187,약국 내부,경기도 평택시청 평택보건소,031-8024-4342,2024-06-30
비전중앙약국,경기도,평택시,"경기도 평택시 비전5로 16, 프라우빌딩 1층 111-나호 (비전동)",경기도 평택시 비전동 1105번지 프라우빌딩,36.99985482,127.113264,약국 내부,경기도 평택시청 평택보건소,031-8024-4342,2024-06-30
열린온누리약국,경기도,평택시,"경기도 평택시 상서재로 55, 근생1동 4호 (동삭동, 평택센트럴자이 3단지)",경기도 평택시 동삭동 852번지 평택센트럴자이 3단지,37.0206358,127.0978064,약국 내부,경기도 평택시청 평택보건소,031-8024-4342,2024-06-30
천사약국,경기도,평택시,"경기도 평택시 평택5로 30, 롯데마트 평택점 1층 (합정동)",경기도 평택시 합정동 968번지 1호 롯데마트 평택점,36.98836309,127.1117571,약국 내부,경기도 평택시청 평택보건소,031-8024-4342,2024-06-30
미소짓는약국,경기도,평택시,"경기도 평택시 동삭로 384, 동화메디컬 1층 (동삭동)",경기도 평택시 동삭동 340번지 13호,37.0201963,127.0968901,약국 내부,경기도 평택시청 평택보건소,031-8024-4342,2024-06-30
바른손약국,경기도,평택시,경기도 평택시 팽성읍 안정쇼핑로 42,경기도 평택시 팽성읍 안정리 37번지 13호,36.96128554,127.0467945,약국 내부,경기도 평택시청 평택보건소,031-8024-4342,2024-06-30
평택무지개약국,경기도,평택시,경기도 평택시 중앙로 29 (통복동),경기도 평택시 통복동 84번지 3호,36.99532604,127.0864099,약국 내부,경기도 평택시청 평택보건소,031-8024-4342,2024-06-30
정문약국,경기도,평택시,경기도 평택시 자유로3번길 20 (평택동),,36.99296161,127.0894826,약국 내부,경기도 평택시청 평택보건소,031-8024-4342,2024-06-30
합정약국,경기도,평택시,경기도 평택시 조개터로42번길 60-1 (합정동),경기도 평택시 합정동 776번지,36.99012312,127.1061198,약국 내부,경기도 평택시청 평택보건소,031-8024-4342,2024-06-30
우리동네현대약국,경기도,평택시,"경기도 평택시 세교6로 45, 상가동 205호 (세교동, 힐스테이트 평택2차)",경기도 평택시 세교동 303번지 1호 힐스테이트 평택2차,37.0103511,127.0879946,약국 내부,경기도 평택시청 평택보건소,031-8024-4342,2024-06-30
참바른약국,경기도,평택시,"경기도 평택시 평택로 286, 동진빌딩 102호 (세교동)",경기도 평택시 세교동 439번지,37.00884982,127.0733152,약국 내부,경기도 평택시청 평택보건소,031-8024-4342,2024-06-30
평택정문약국,경기도,평택시,경기도 평택시 평택로 282 (세교동),경기도 평택시 세교동 439번지 14호,37.00834593,127.0734112,약국 내부,경기도 평택시청 평택보건소,031-8024-4342,2024-06-30
혜우약국,경기도,평택시,"경기도 평택시 만세로 1839, 아이메듀타워 1층 103호 (비전동)",경기도 평택시 비전동 1012번지 1호 아이메듀타워,37.00446147,127.1038961,약국 내부,경기도 평택시청 평택보건소,031-8024-4342,2024-06-30
비전미소약국,경기도,평택시,"경기도 평택시 비전5로 37, 102호 (비전동)",경기도 평택시 비전동 1097번지 1호,37.00158681,127.1147157,약국 내부,경기도 평택시청 평택보건소,031-8024-4342,2024-06-30
봄봄온누리약국,경기도,평택시,"경기도 평택시 중앙로 96, 101, 102호 (합정동)",경기도 평택시 합정동 672번지 2호,36.99340888,127.0937687,약국 내부,경기도 평택시청 평택보건소,031-8024-4342,2024-06-30
수호온누리약국,경기도,평택시,"경기도 평택시 중앙2로 16, 104호 (평택동)",경기도 평택시 평택동 298번지 1호,36.991486,127.0886015,약국 내부,경기도 평택시청 평택보건소,031-8024-4342,2024-06-30
하나로약국,경기도,평택시,경기도 평택시 팽성읍 부용로55번길 3,경기도 평택시 팽성읍 객사리 168번지 10호,36.96501202,127.0609877,약국 내부,경기도 평택시청 평택보건소,031-8024-4342,2024-06-30
뉴그린약국,경기도,평택시,경기도 평택시 중앙로 120 (합정동),,36.99290542,127.0962912,약국 내부,경기도 평택시청 평택보건소,031-8024-4342,2024-06-30
다솜약국,경기도,평택시,"경기도 평택시 중앙로 176, 2층 223호 (합정동, 평택합정 SK VIEW 주상복합)",경기도 평택시 합정동 766번지 2호 평택합정 SK VIEW 주상복합,36.99150637,127.1019359,약국 내부,경기도 평택시청 평택보건소,031-8024-4342,2024-06-30
동산약국,경기도,평택시,"경기도 평택시 팽성읍 팽성로 92, 나동 1층",경기도 평택시 팽성읍 송화리 266번지 4호 나동 101호,36.94510578,127.0518908,약국 내부,경기도 평택시청 평택보건소,031-8024-4342,2024-06-30
용이푸른약국,경기도,평택시,"경기도 평택시 현신3길 76, 701동 101호 (용이동, 평택 용이2차 푸르지오)",,36.99805079,127.1425068,약국 내부,경기도 평택시청 평택보건소,031-8024-4342,2024-06-30
소사벌온누리약국,경기도,평택시,경기도 평택시 비전4로 47 (비전동),경기도 평택시 비전동 1096번지,37.00245984,127.1145708,약국 내부,경기도 평택시청 평택보건소,031-8024-4342,2024-06-30
365녹십자약국,경기도,평택시,경기도 평택시 중앙로 2 (통복동),,36.99541195,127.0835217,약국 내부,경기도 평택시청 평택보건소,031-8024-4342,2024-06-30
비전약국,경기도,평택시,"경기도 평택시 평남로 937 (비전동, 폴리프라자)",,37.00439362,127.1044586,약국 내부,경기도 평택시청 평택보건소,031-8024-4342,2024-06-30
햇살가득한약국,경기도,평택시,경기도 평택시 자유로3번길 15 (평택동),,36.99286154,127.0893602,약국 내부,경기도 평택시청 평택보건소,031-8024-4342,2024-06-30
조일약국,경기도,평택시,경기도 평택시 평택로32번길 2 (평택동),,36.99060966,127.0883086,약국 내부,경기도 평택시청 평택보건소,031-8024-4342,2024-06-30
비전하늘약국,경기도,평택시,"경기도 평택시 평남로 941 (비전동, 우성메디피아)",,37.00461677,127.1041751,약국 내부,경기도 평택시청 평택보건소,031-8024-4342,2024-06-30
오렌지약국,경기도,평택시,경기도 평택시 평남로 722 (비전동),,36.99418569,127.1143408,약국 내부,경기도 평택시청 평택보건소,031-8024-4342,2024-06-30
명약국,경기도,평택시,"경기도 평택시 비전5로 11, 4층 403호 (비전동)",,37.00012028,127.1126092,약국 내부,경기도 평택시청 평택보건소,031-8024-4342,2024-06-30
평택푸른약국,경기도,평택시,"경기도 평택시 평택5로 63, 103호, 104호 (비전동, 동성효성아파트)",경기도 평택시 비전동 856 동성효성아파트,36.99188685,127.1105928,약국 내부,경기도 평택시청 평택보건소,031-8024-4342,2024-06-30
햇살약국,경기도,평택시,"경기도 평택시 현촌4길 2-41, 103호 (용이동, 한국마트 주차빌딩)",,36.99911884,127.1332147,약국 내부,경기도 평택시청 평택보건소,031-8024-4342,2024-06-30
서재중앙약국,경기도,평택시,"경기도 평택시 서재로 2, 101호 (동삭동, 한주빌딩)",경기도 평택시 동삭동 711번지 13호 한주빌딩 101호,37.0098748,127.0987986,약국 내부,경기도 평택시청 평택보건소,031-8024-4342,2024-06-30
한빛약국,경기도,평택시,"경기도 평택시 중앙2로 13, 1층 114호 (평택동, 센텀스카이빌딩)",경기도 평택시 평택동 291번지 센텀스카이빌딩 1층 114호,36.99196305,127.0885284,약국 내부,경기도 평택시청 평택보건소,031-8024-4342,2024-06-30
열린약국,경기도,평택시,"경기도 평택시 서동대로 3879, 1층 103호 (용이동)",경기도 평택시 용이동 468번지 1호 1층 103호,36.99427741,127.1378531,약국 내부,경기도 평택시청 평택보건소,031-8024-4342,2024-06-30
드림약국,경기도,평택시,경기도 평택시 비전5로 3 (비전동),경기도 평택시 비전동 1090번지,36.99992401,127.1116678,약국 내부,경기도 평택시청 평택보건소,031-8024-4342,2024-06-30
유약국,경기도,평택시,"경기도 평택시 팽성읍 부용로 27, 106호",경기도 평택시 팽성읍 송화리 779번지 1호 106호,36.96323695,127.0587299,약국 내부,경기도 평택시청 평택보건소,031-8024-4342,2024-06-30
경희당한약국,경기도,평택시,경기도 평택시 통복시장로21번길 19 (통복동),경기도 평택시 통복동 95번지 21호,36.99731056,127.0843303,약국 내부,경기도 평택시청 평택보건소,031-8024-4342,2024-06-30
굿모닝팜약국,경기도,평택시,경기도 평택시 조개터로48번길 35 (합정동),경기도 평택시 합정동 772번지 3호,36.99100113,127.1042447,약국 내부,경기도 평택시청 평택보건소,031-8024-4342,2024-06-30
참사랑약국,경기도,평택시,경기도 평택시 중앙로 284 (합정동),경기도 평택시 합정동 966번지 6호,36.99021018,127.1141396,약국 내부,경기도 평택시청 평택보건소,031-8024-4342,2024-06-30
행복약국,경기도,평택시,경기도 평택시 중앙로 268 (합정동),경기도 평택시 합정동 964번지 10호,36.9898558,127.1125373,약국 내부,경기도 평택시청 평택보건소,031-8024-4342,2024-06-30
메디칼 세계로 약국,경기도,평택시,경기도 평택시 중앙로 9-1 (통복동),경기도 평택시 통복동 86번지 25호,36.99561797,127.0845303,약국 내부,경기도 평택시청 평택보건소,031-8024-4342,2024-06-30
건강약국,경기도,평택시,경기도 평택시 평택2로20번길 8 (평택동),경기도 평택시 평택동 282번지,36.99274894,127.0887774,약국 내부,경기도 평택시청 평택보건소,031-8024-4342,2024-06-30
느티나무약국,경기도,평택시,"경기도 평택시 원평로25번길 61-1, 301호 (군문동)",경기도 평택시 군문동 360번지 4호 301호,36.98617114,127.0829808,약국 내부,경기도 평택시청 평택보건소,031-8024-4342,2024-06-30
한진약국,경기도,평택시,경기도 평택시 중앙로 205 (비전동),,36.99130114,127.1057915,약국 내부,경기도 평택시청 평택보건소,031-8024-4342,2024-06-30
평택제일약국,경기도,평택시,경기도 평택시 중앙로 82-1 (합정동),경기도 평택시 합정동 672번지 10호,36.99372993,127.0921472,약국 내부,경기도 평택시청 평택보건소,031-8024-4342,2024-06-30
평택프라자약국,경기도,평택시,경기도 평택시 중앙로 84 (합정동),경기도 평택시 합정동 627번지 33호,36.99361433,127.0923508,약국 내부,경기도 평택시청 평택보건소,031-8024-4342,2024-06-30
삼성약국,경기도,평택시,"경기도 평택시 중앙로 335, 1,2층 103,104,203호 (비전동, 벽산아파트)",경기도 평택시 비전동 889 벽산아파트,36.99204168,127.1192861,약국 내부,경기도 평택시청 평택보건소,031-8024-4342,2024-06-30
동대문약국,경기도,평택시,"경기도 평택시 중앙로 335, 상가동 1층 101호, 지층 2,3,4호 (비전동, 벽산아파트)",경기도 평택시 비전동 889 벽산아파트,36.99204168,127.1192861,약국 내부,경기도 평택시청 평택보건소,031-8024-4342,2024-06-30
고려사약국,경기도,평택시,경기도 평택시 중앙2로 25 (평택동),경기도 평택시 평택동 292번지 6호,36.99174785,127.0898453,약국 내부,경기도 평택시청 평택보건소,031-8024-4342,2024-06-30
미소약국,경기도,평택시,경기도 평택시 평택2로 6 (평택동),경기도 평택시 평택동 46번지 9호 외1필지,36.99218974,127.0875371,약국 내부,경기도 평택시청 평택보건소,031-8024-4342,2024-06-30
안정약국,경기도,평택시,"경기도 평택시 팽성읍 안정쇼핑로 37-1, 1층 101호",경기도 평택시 팽성읍 안정리 38-10,36.96122688,127.0462226,약국 내부,경기도 평택시청 평택보건소,031-8024-4342,2024-06-30
평택종합약국,경기도,평택시,경기도 평택시 경기대로 267 (비전동),경기도 평택시 비전동 830번지 7호,36.99449143,127.1130453,약국 내부,경기도 평택시청 평택보건소,031-8024-4342,2024-06-30
성모약국,경기도,평택시,"경기도 평택시 경기대로 269 (비전동, 103호)",경기도 평택시 비전동 830-3 103호,36.99468916,127.1129756,약국 내부,경기도 평택시청 평택보건소,031-8024-4342,2024-06-30
유일약국,경기도,평택시,경기도 평택시 원평1로 30 (평택동),경기도 평택시 평택동 164번지 42호,36.98940947,127.0834026,약국 내부,경기도 평택시청 평택보건소,031-8024-4342,2024-06-30
산수유한약국,경기도,평택시,경기도 평택시 평택로 71-1 (평택동),"경기도 평택시 평택동 59번지 10호 ,31호",36.99326102,127.0850528,약국 내부,경기도 평택시청 평택보건소,031-8024-4342,2024-06-30
수정약국,경기도,평택시,경기도 평택시 팽성읍 안정쇼핑로 36 (외 1필지),경기도 평택시 팽성읍 안정리 148번지 5호 외 1필지,36.96084889,127.0462834,약국 내부,경기도 평택시청 평택보건소,031-8024-4342,2024-06-30
나라약국,경기도,평택시,경기도 평택시 평택로32번길 21 (평택동),경기도 평택시 평택동 298-3,36.99127988,127.08875,약국 내부,경기도 평택시청 평택보건소,031-8024-4342,2024-06-30
나래약국,경기도,평택시,경기도 평택시 중앙로 66 (평택동),경기도 평택시 평택동 284,36.99384328,127.090472,약국 내부,경기도 평택시청 평택보건소,031-8024-4342,2024-06-30
마트종로약국,경기도,평택시,"경기도 평택시 영신로 29 (지제동, 이마트내)",경기도 평택시 지제동 50번지,37.02111349,127.0755378,약국 내부,경기도 평택시청 평택보건소,031-8024-4342,2024-06-30
태평양약국,경기도,평택시,경기도 평택시 중앙로 298 (합정동),경기도 평택시 합정동 866-6,36.99049204,127.1156866,약국 내부,경기도 평택시청 평택보건소,031-8024-4342,2024-06-30
로데오약국,경기도,평택시,"경기도 평택시 평택로 78, 1층 (평택동)",경기도 평택시 평택동 71번지 3호,36.99398212,127.0850779,약국 내부,경기도 평택시청 평택보건소,031-8024-4342,2024-06-30
연희약국,경기도,평택시,경기도 평택시 중앙로 105 (비전동),경기도 평택시 비전동 731-5외 2필지,36.99357963,127.0948901,약국 내부,경기도 평택시청 평택보건소,031-8024-4342,2024-06-30
강남약국,경기도,평택시,"경기도 평택시 평택로 54 (평택동, 외1필지)",경기도 평택시 평택동 62번지 15호 외1필지,36.99222711,127.0865368,약국 내부,경기도 평택시청 평택보건소,031-8024-4342,2024-06-30
비타민약국,경기도,평택시,경기도 평택시 평택2로20번길 31 (평택동),경기도 평택시 평택동 292-7,36.99195544,127.0898878,약국 내부,경기도 평택시청 평택보건소,031-8024-4342,2024-06-30
한남약국,경기도,평택시,경기도 평택시 중앙로 7-1 (통복동),경기도 평택시 통복동 86-5,36.99557041,127.0842051,약국 내부,경기도 평택시청 평택보건소,031-8024-4342,2024-06-30
행복한약국,경기도,평택시,"경기도 평택시 세교공원로 66, 109호 (세교동, 부영아파트상가2동)",경기도 평택시 세교동 555번지 부영아파트상가2동 109호,37.00325151,127.0846524,약국 내부,경기도 평택시청 평택보건소,031-8024-4342,2024-06-30
큰사랑약국,경기도,평택시,경기도 평택시 중앙2로 37 (합정동),경기도 평택시 합정동 733-14,36.99156851,127.0911394,약국 내부,경기도 평택시청 평택보건소,031-8024-4342,2024-06-30
정다운약국,경기도,평택시,경기도 평택시 중앙로 8 (통복동),경기도 평택시 통복동 111-29,36.99522654,127.0840182,약국 내부,경기도 평택시청 평택보건소,031-8024-4342,2024-06-30
성심약국,경기도,평택시,경기도 평택시 중앙2로 1 (평택동),경기도 평택시 평택동 46-4,36.99198832,127.0871238,약국 내부,경기도 평택시청 평택보건소,031-8024-4342,2024-06-30
영진약국,경기도,평택시,경기도 평택시 평택1로 4 (평택동),경기도 평택시 평택동 45-4외1필지,36.99233011,127.0870411,약국 내부,경기도 평택시청 평택보건소,031-8024-4342,2024-06-30
으뜸약국,경기도,평택시,경기도 평택시 평택2로20번길 11 (평택동),경기도 평택시 평택동 289-1,36.99277049,127.0892377,약국 내부,경기도 평택시청 평택보건소,031-8024-4342,2024-06-30
제세온누리약국,경기도,평택시,경기도 평택시 조개터로42번길 58 (합정동),경기도 평택시 합정동 775-10,36.99017499,127.1058271,약국 내부,경기도 평택시청 평택보건소,031-8024-4342,2024-06-30
하늘약국,경기도,평택시,"경기도 평택시 중앙로 165 (비전동, 외 1필지)",경기도 평택시 비전동 761번지 4호 외 1필지,36.99219586,127.1013548,약국 내부,경기도 평택시청 평택보건소,031-8024-4342,2024-06-30
시민약국,경기도,평택시,경기도 평택시 중앙1로56번길 22-10 (비전동),경기도 평택시 비전1동 629-5,36.99673707,127.0882693,약국 내부,경기도 평택시청 평택보건소,031-8024-4342,2024-06-30
대학로약국,경기도,평택시,경기도 평택시 평택로 282 (세교동),경기도 평택시 세교동 439번지 14호,37.00834593,127.0734112,약국 내부,경기도 평택시청 평택보건소,031-8024-4342,2024-06-30
인영온누리약국,경기도,평택시,경기도 평택시 평택2로20번길 4 (평택동),경기도 평택시 평택동 43-1,36.99291902,127.0886293,약국 내부,경기도 평택시청 평택보건소,031-8024-4342,2024-06-30
한영약국,경기도,평택시,경기도 평택시 평택로 104 (통복동),경기도 평택시 통복동 98번지 19호,36.99591515,127.0833359,약국 내부,경기도 평택시청 평택보건소,031-8024-4342,2024-06-30
부영약국,경기도,평택시,"경기도 평택시 세교공원로 66, 101호 (세교동, 부영아파트상가1동)",경기도 평택시 세교동 555번지 부영아파트상가1동 101호,37.00325151,127.0846524,약국 내부,경기도 평택시청 평택보건소,031-8024-4342,2024-06-30
유명약국,경기도,평택시,경기도 평택시 세교상가1길 3 (세교동),경기도 평택시 세교동 561-14,37.00013885,127.079499,약국 내부,경기도 평택시청 평택보건소,031-8024-4342,2024-06-30
한라약국,경기도,평택시,"경기도 평택시 세교로 8, 105호 (세교동, 현대향촌아파트상가)",경기도 평택시 세교동 560번지 현대향촌아파트상가 105호,37.00276039,127.0794,약국 내부,경기도 평택시청 평택보건소,031-8024-4342,2024-06-30
구세약국,경기도,평택시,경기도 평택시 중앙로 162 (합정동),경기도 평택시 합정동 763,36.99195904,127.1010206,약국 내부,경기도 평택시청 평택보건소,031-8024-4342,2024-06-30
한마음약국,경기도,평택시,경기도 평택시 팽성읍 동서촌로 74,경기도 평택시 팽성읍 객사리 126-3,36.96443939,127.0603659,약국 내부,경기도 평택시청 평택보건소,031-8024-4342,2024-06-30
아빠약국,경기도,평택시,경기도 평택시 평택4로 69-1 (비전동),경기도 평택시 비전2동 751번지 7호,36.99417801,127.1013091,약국 내부,경기도 평택시청 평택보건소,031-8024-4342,2024-06-30
시장약국,경기도,평택시,"경기도 평택시 통복로 43, 1층 (통복동)",경기도 평택시 통복동 100번지 5호,36.99599382,127.0830204,약국 내부,경기도 평택시청 평택보건소,031-8024-4342,2024-06-30
경기약국,경기도,평택시,경기도 평택시 중앙로 21-1 (통복동),경기도 평택시 통복동 85번지 27호,36.99526697,127.0857591,약국 내부,경기도 평택시청 평택보건소,031-8024-4342,2024-06-30
다나약국,경기도,평택시,경기도 평택시 중앙로 148 (합정동),경기도 평택시 합정동 757번지 4호,36.99230679,127.0993426,약국 내부,경기도 평택시청 평택보건소,031-8024-4342,2024-06-30
신진약국,경기도,평택시,경기도 평택시 팽성읍 안정로39번길 32,경기도 평택시 팽성읍 안정리 37번지 26호,36.96110695,127.0469989,약국 내부,경기도 평택시청 평택보건소,031-8024-4342,2024-06-30
한일약국,경기도,평택시,경기도 평택시 평택2로 34 (평택동),경기도 평택시 평택동 39번지 6호,36.99368615,127.0899571,약국 내부,경기도 평택시청 평택보건소,031-8024-4342,2024-06-30
우리약국,경기도,평택시,경기도 평택시 평택1로 41 (통복동),경기도 평택시 통복동 83-7,36.99569578,127.0876189,약국 내부,경기도 평택시청 평택보건소,031-8024-4342,2024-06-30
바다약국,경기도,평택시,경기도 평택시 평택로 41 (평택동),경기도 평택시 평택동 55번지 3호,36.9910786,127.0871796,약국 내부,경기도 평택시청 평택보건소,031-8024-4342,2024-06-30
민중약국,경기도,평택시,경기도 평택시 평택로 102 (통복동),경기도 평택시 통복동 98-5,36.99588023,127.0834824,약국 내부,경기도 평택시청 평택보건소,031-8024-4342,2024-06-30
평택보건소,경기도,평택시,경기도 평택시 평택5로 56,경기도 평택시 평택5로 56,36.99093229,127.1118845,C동 1층,경기도 평택시청 평택보건소,031-8024-4342,2024-06-30
팽성보건지소,경기도,평택시,경기도 평택시 팽성읍 팽성남산4길 6,경기도 평택시 팽성읍 남산리 산 59번지,36.9576472,127.0595285,건물 내부,경기도 평택시청 평택보건소,031-8024-4342,2024-06-30
팽성원정보건진료소,경기도,평택시,경기도 평택시 팽성읍 팽성북로 29,,36.9739506,127.0428182,건물 내부,경기도 평택시청 평택보건소,031-8024-4342,2024-06-30
두정리보건진료소,경기도,평택시,경기도 평택시 팽성읍 두정길 53,경기도 평택시 팽성읍 두정길 53,36.94486065,127.0260157,건물 내부,경기도 평택시청 평택보건소,031-8024-4342,2024-06-30
팽성읍행정복지센터,경기도,평택시,경기도 평택시 팽성읍 동서촌로 89,경기도 평택시 팽성읍 객사리 170-2,36.96517592,127.0623446,건물 내부,경기도 평택시청 평택보건소,031-8024-4342,2024-06-30
신평동행정복지센터,경기도,평택시,경기도 평택시 평택3로 9,경기도 평택시 합정동 832,36.99003912,127.0926516,건물 내부,경기도 평택시청 평택보건소,031-8024-4342,2024-06-30
원평동행정복지센터,경기도,평택시,경기도 평택시 원평2로 9,경기도 평택시 통복동 172-6,36.98927888,127.0804947,건물 내부,경기도 평택시청 평택보건소,031-8024-4342,2024-06-30
통복동행정복지센터,경기도,평택시,경기도 평택시 통복시장로48번길 41,경기도 평택시 통복동 541,37.00079358,127.0872772,건물 내부,경기도 평택시청 평택보건소,031-8024-4342,2024-06-30
비전1동행정복지센터,경기도,평택시,경기도 평택시 비전2로 330,경기도 평택시 죽백동 724,37.01093971,127.1121803,건물 내부,경기도 평택시청 평택보건소,031-8024-4342,2024-06-30
비전2동행정복지센터,경기도,평택시,경기도 평택시 중앙로 261,경기도 평택시 비전동 849,36.99030955,127.1117569,건물 내부,경기도 평택시청 평택보건소,031-8024-4342,2024-06-30
세교동행정복지센터,경기도,평택시,경기도 평택시 평택로 149,경기도 평택시 신대동 112-15,36.99873322,127.0795159,건물 내부,경기도 평택시청 평택보건소,031-8024-4342,2024-06-30
용이동행정복시젠터,경기도,평택시,"경기도 평택시 현촌5길 5-19, 예솔빌딩 2층","경기도 평택시 용이동 597-11, 예솔빌딩 2층",36.99757262,127.1337265,센터 안,경기도 평택시청 평택보건소,031-8024-4342,2024-06-30
동삭동행정복지센터,경기도,평택시,경기도 평택시 상서재로2길 56-10,경기도 평택시 동삭동 849-2,37.01522653,127.1034327,센터 안,경기도 평택시청 평택보건소,031-8024-4342,2024-06-30
평택시청 민원실,경기도,평택시,경기도 평택시 경기대로 245,경기도 평택시 비전동 846,36.99228899,127.112554,민원실 안,경기도 평택시청 평택보건소,031-8024-4342,2024-06-30
